time,brent_usd,gasoil_ice_usd,rbob_gasoline_usd,heating_oil_usd,eur_usd,brent_eur,crack_spread_synthetic
2026-05-11 02:00:00+02,,,,,1.1780,,
2026-05-12 02:00:00+02,,,,,1.1735,,
2026-05-13 02:00:00+02,,,,,1.1716,,
2026-05-14 02:00:00+02,,,,,1.1662,,
2026-05-17 02:00:00+02,,,,,1.1614,,
2026-05-18 02:00:00+02,,,,,1.1655,,
2026-05-19 02:00:00+02,,,,,1.1607,,
2026-05-20 02:00:00+02,,,,,1.1625,,
2026-05-21 02:00:00+02,,,,,1.1621,,
2026-05-24 02:00:00+02,,,,,1.1642,,
2026-05-25 02:00:00+02,,,,,1.1637,,
2026-05-26 02:00:00+02,,,,,1.1637,,
2026-05-27 02:00:00+02,,,,,1.1618,,
2026-05-28 02:00:00+02,,,,,1.1653,,
2026-05-29 02:00:00+02,92.050,,3.127,3.537,1.1653,78.994,45.020
2026-05-31 02:00:00+02,,,,,1.1649,,
2026-06-01 02:00:00+02,94.980,,3.085,3.639,1.1635,81.630,42.343
2026-06-02 02:00:00+02,96.000,,3.144,3.699,1.1622,82.601,43.822
2026-06-03 02:00:00+02,97.810,,3.132,3.848,1.1609,84.251,43.748
2026-06-04 02:00:00+02,95.030,,3.038,3.674,1.1613,81.833,41.476
2026-06-05 02:00:00+02,93.090,,3.046,3.587,1.1613,80.163,42.419
2026-06-07 02:00:00+02,93.090,,3.046,3.587,1.1523,80.789,42.419
2026-06-08 02:00:00+02,94.250,,3.071,3.600,1.1528,81.754,42.125
2026-06-09 02:00:00+02,91.450,,3.021,3.542,1.1535,79.278,42.726
2026-06-10 02:00:00+02,93.100,,3.110,3.613,1.1536,80.707,44.554
2026-06-11 02:00:00+02,90.380,,3.101,3.513,1.1576,78.076,45.643
2026-06-12 02:00:00+02,87.330,,3.050,3.404,1.1576,75.441,45.726
2026-06-14 02:00:00+02,87.330,,3.050,3.404,1.1603,75.264,45.726
2026-06-15 02:00:00+02,83.170,,2.947,3.266,1.1594,71.734,45.083
2026-06-16 02:00:00+02,78.960,,2.881,3.170,1.1610,68.011,46.077
2026-06-17 02:00:00+02,79.550,,2.910,3.195,1.1507,69.130,46.643
2026-06-18 02:00:00+02,79.850,,2.995,3.127,1.1459,69.686,47.789
2026-06-21 02:00:00+02,79.850,,2.995,3.127,1.1463,69.660,47.789
2026-06-22 02:00:00+02,77.900,,2.987,3.093,1.1427,68.171,49.039
2026-06-23 02:00:00+02,77.080,,2.959,3.155,1.1380,67.736,49.936
2026-06-24 02:00:00+02,73.740,,2.882,3.176,1.1354,64.945,51.417
2026-06-25 02:00:00+02,75.260,,3.027,3.298,1.1362,66.240,55.679
2026-06-26 02:00:00+02,71.990,,2.957,3.208,1.1362,63.362,55.724
2026-06-28 02:00:00+02,71.990,,2.957,3.208,1.1386,63.229,55.724
2026-06-29 02:00:00+02,73.150,,3.061,3.332,1.1422,64.043,59.213
2026-06-30 02:00:00+02,72.920,,3.014,3.317,1.1413,63.890,57.918
2026-07-01 02:00:00+02,71.570,,2.945,3.218,1.1378,62.902,55.946
2026-07-02 02:00:00+02,71.800,,2.917,3.182,1.1423,62.857,54.435
2026-07-05 02:00:00+02,71.800,,2.917,3.182,1.1438,62.775,54.435
2026-07-06 02:00:00+02,71.990,,3.003,3.298,1.1442,62.919,58.280
2026-07-07 02:00:00+02,74.160,,2.954,3.302,1.1404,65.031,54.773
2026-07-08 02:00:00+02,78.020,,3.103,3.658,1.1422,68.307,60.080
2026-07-09 02:00:00+02,76.300,,3.039,3.572,1.1433,66.734,58.786
2026-07-10 02:00:00+02,76.010,,2.985,3.553,1.1433,66.481,57.305
2026-07-12 02:00:00+02,76.010,,2.985,3.553,1.1404,66.649,57.305
2026-07-13 02:00:00+02,83.300,,3.166,3.824,1.1384,73.171,58.887
2026-07-14 02:00:00+02,84.730,,3.227,4.014,1.1425,74.164,61.835
2026-07-15 02:00:00+02,84.950,,3.301,3.948,1.1470,74.061,62.751
2026-07-16 02:00:00+02,84.230,,3.285,4.031,1.1445,73.598,64.171
2026-07-17 02:00:00+02,88.100,,3.393,4.065,1.1445,76.979,63.800
2026-07-19 02:00:00+02,88.100,,3.393,4.065,1.1428,77.094,63.800
2026-07-20 02:00:00+02,89.220,,3.389,4.119,1.1418,78.139,63.338
2026-07-21 02:00:00+02,91.010,,3.406,4.127,1.1404,79.807,62.128
2026-07-22 02:00:00+02,94.070,,3.415,4.149,1.1412,82.433,59.625
2026-07-23 02:00:00+02,100.690,,3.496,4.342,1.1377,88.504,57.992
2026-07-24 02:00:00+02,96.780,,3.396,4.181,1.1377,85.068,56.834
2026-07-26 02:00:00+02,96.780,,3.396,4.181,1.1395,84.932,56.834
2026-07-27 02:00:00+02,88.360,,3.327,4.112,1.1369,77.717,62.367
2026-07-28 02:00:00+02,84.090,,3.335,4.151,1.1387,73.850,67.389
2026-07-29 02:00:00+02,90.740,,3.398,4.370,1.1467,79.130,65.580
2026-07-30 02:00:00+02,89.030,,3.285,4.209,1.1524,77.259,61.873
2026-07-31 02:00:00+02,90.120,,3.222,4.122,1.1524,78.205,57.786
2026-08-02 02:00:00+02,90.120,,3.222,4.122,1.1544,78.066,57.786
2026-08-03 02:00:00+02,83.770,,2.967,3.877,1.1507,72.797,53.578
2026-08-04 02:00:00+02,79.360,,2.852,3.770,1.1532,68.815,53.289
2026-08-05 02:00:00+02,79.450,,2.839,3.796,1.1557,68.744,53.183
2026-08-06 02:00:00+02,82.490,,2.938,3.882,1.1525,71.577,54.136
2026-08-07 02:00:00+02,83.550,,2.985,3.902,1.1525,72.496,54.672
2026-08-09 02:00:00+02,83.550,,2.985,3.902,1.1556,72.297,54.672
2026-08-10 02:00:00+02,87.720,,3.135,4.190,1.1546,75.972,58.728
2026-08-11 02:00:00+02,88.910,,3.137,4.253,1.1544,77.020,58.450
2026-08-12 02:00:00+02,88.980,,3.154,4.304,1.1530,77.172,59.580
2026-08-13 02:00:00+02,87.070,,3.128,4.251,1.1535,75.481,60.022
2026-08-14 02:00:00+02,88.520,,3.184,4.283,1.1535,76.738,60.595
2026-08-16 02:00:00+02,88.520,,3.184,4.283,1.1574,76.482,60.595
2026-08-17 02:00:00+02,90.870,,3.270,4.437,1.1583,78.453,62.812
2026-08-18 02:00:00+02,91.020,,3.302,4.450,1.1579,78.605,63.729
2026-08-19 02:00:00+02,91.620,,3.255,4.452,1.1674,78.484,61.855
2026-08-20 02:00:00+02,93.780,,3.263,4.480,1.1688,80.237,60.305
2026-08-21 02:00:00+02,94.390,,3.348,4.495,1.1688,80.759,62.278
2026-08-23 02:00:00+02,94.390,,3.348,4.495,1.1682,80.803,62.278
2026-08-24 02:00:00+02,92.170,,3.271,4.268,1.1668,78.992,59.160
2026-08-25 02:00:00+02,88.580,,3.253,4.244,1.1675,75.873,61.914
2026-08-26 02:00:00+02,87.840,,3.320,4.260,1.1655,75.368,64.763
2026-08-27 02:00:00+02,89.700,,3.384,4.279,1.1656,76.954,64.959
2026-08-28 02:00:00+02,89.310,,3.490,4.357,1.1656,76.619,69.401
2026-08-30 02:00:00+02,89.310,,3.490,4.357,1.1589,77.065,69.401
2026-08-31 02:00:00+02,90.490,,3.437,4.495,1.1618,77.890,68.680
2026-09-01 02:00:00+02,94.650,,3.135,4.677,1.1596,81.626,58.615
2026-09-02 02:00:00+02,95.630,,3.104,4.682,1.1585,82.544,56.827
2026-09-03 02:00:00+02,95.520,,3.135,4.594,1.1628,82.144,56.568
2026-09-04 02:00:00+02,96.280,,3.215,4.540,1.1628,82.798,57.292
2026-09-06 02:00:00+02,96.280,,3.215,4.540,1.1614,82.900,57.292
2026-09-07 02:00:00+02,96.280,,3.215,4.540,1.1628,82.803,57.292
2026-09-08 02:00:00+02,97.920,,3.253,4.568,1.1627,84.215,57.099
2026-09-09 02:00:00+02,101.210,,3.211,4.801,1.1634,86.996,55.901
2026-09-10 02:00:00+02,107.630,,3.393,5.057,1.1610,92.705,58.185
2026-09-11 02:00:00+02,104.610,,3.307,4.959,1.1610,90.104,57.422
2026-09-13 02:00:00+02,104.610,,3.307,4.959,1.1594,90.228,57.422
2026-09-14 02:00:00+02,105.680,,3.317,4.962,1.1594,91.151,56.660
2026-09-15 02:00:00+02,108.410,,3.239,5.003,1.1545,93.905,52.317
